sequence_sha256	corpus_split	last_included_stage	first_absent_stage	interpretation
4de178531e6f3f34f9015772c9750f8140789987b305e2e2fa7a6144f6c7f4b9	test	step2_similarity_aware_partitioning	step3_conditioning	Sequence is present in the standardized corpus and Step-2 partition table but absent from the conditioned and model-ready populations.
7dfa9a4d00e8a11240c9b58f887c2eb240eac2798fc0775a3a2ac2d421056187	test	step2_similarity_aware_partitioning	step3_conditioning	Sequence is present in the standardized corpus and Step-2 partition table but absent from the conditioned and model-ready populations.
839f26315a51dc856ead22d87dd6003ecc1b7bf3c4a9f8daf486ea9017d58cbe	test	step2_similarity_aware_partitioning	step3_conditioning	Sequence is present in the standardized corpus and Step-2 partition table but absent from the conditioned and model-ready populations.
8729f674194d395687d9b542f4c34e640467d19a3cd6e8ea933d0d5be2a0e3db	test	step2_similarity_aware_partitioning	step3_conditioning	Sequence is present in the standardized corpus and Step-2 partition table but absent from the conditioned and model-ready populations.
99a1738c212151d9760645a0ccdc23d3c0e05ce4568633094d2d4f60f1393bb1	test	step2_similarity_aware_partitioning	step3_conditioning	Sequence is present in the standardized corpus and Step-2 partition table but absent from the conditioned and model-ready populations.
9b2e4bbfbc6d0b6477b39efa9fd1e17800608a90efd87452a9cc4d68fdaa6fb8	test	step2_similarity_aware_partitioning	step3_conditioning	Sequence is present in the standardized corpus and Step-2 partition table but absent from the conditioned and model-ready populations.
a8f87df3382bccefa6057cb0fb2f0d3bab436eb2b26f89cbd4da7b69008138d7	test	step2_similarity_aware_partitioning	step3_conditioning	Sequence is present in the standardized corpus and Step-2 partition table but absent from the conditioned and model-ready populations.
c072be8eb60b5fbdde2ae62243bc7e7f10fa35b24b26d010e6db2c267863e578	test	step2_similarity_aware_partitioning	step3_conditioning	Sequence is present in the standardized corpus and Step-2 partition table but absent from the conditioned and model-ready populations.
c28654f894d5cc0a85ca8f9fd5d3496718f4b391ad70213917f6bb27931073e0	test	step2_similarity_aware_partitioning	step3_conditioning	Sequence is present in the standardized corpus and Step-2 partition table but absent from the conditioned and model-ready populations.
e3003c6d3c92d0e783662043eb8aef84239299613f33d5a822fd03e77ecf0678	test	step2_similarity_aware_partitioning	step3_conditioning	Sequence is present in the standardized corpus and Step-2 partition table but absent from the conditioned and model-ready populations.
009080703b2a8ab79140744a07f7a343a1b631e1111cdf764635e8a5870d8407	val	step2_similarity_aware_partitioning	step3_conditioning	Sequence is present in the standardized corpus and Step-2 partition table but absent from the conditioned and model-ready populations.
0c5dec17285a842b1d913e05861183ba71643cf28718a8938d2bba6f3838e5a0	val	step2_similarity_aware_partitioning	step3_conditioning	Sequence is present in the standardized corpus and Step-2 partition table but absent from the conditioned and model-ready populations.
11bd546aa8c6c969e5f7516e064ae54b1409296c50189d5a72dfa8036718f207	val	step2_similarity_aware_partitioning	step3_conditioning	Sequence is present in the standardized corpus and Step-2 partition table but absent from the conditioned and model-ready populations.
256a1bb0a00cb02beca35969b1619763a061fb4591a2d654bc51d2a53bf6810e	val	step2_similarity_aware_partitioning	step3_conditioning	Sequence is present in the standardized corpus and Step-2 partition table but absent from the conditioned and model-ready populations.
47b5270c276d99e6412e92dfe6dd70492d12f113850d776b2d6f854c513144e1	val	step2_similarity_aware_partitioning	step3_conditioning	Sequence is present in the standardized corpus and Step-2 partition table but absent from the conditioned and model-ready populations.
5bb8105bdfd6bbaf2ef4bba666f8814e69eabd495d12d969de6aad8563826296	val	step2_similarity_aware_partitioning	step3_conditioning	Sequence is present in the standardized corpus and Step-2 partition table but absent from the conditioned and model-ready populations.
91fed82f986187d648c7aa60da9c02ba02d0ab4ed710f298f1efa4952f94af8c	val	step2_similarity_aware_partitioning	step3_conditioning	Sequence is present in the standardized corpus and Step-2 partition table but absent from the conditioned and model-ready populations.
ae8ed75c8fc4b2141d5cb321e296cf8e6dd82b6b4c1a602551586b0250b721ec	val	step2_similarity_aware_partitioning	step3_conditioning	Sequence is present in the standardized corpus and Step-2 partition table but absent from the conditioned and model-ready populations.
bf594e8af496c3eba86c642102ee1ab3d035d65e1ab33978db809020b7acbaac	val	step2_similarity_aware_partitioning	step3_conditioning	Sequence is present in the standardized corpus and Step-2 partition table but absent from the conditioned and model-ready populations.
efbeb052c071731edeee1e4de730da13a327b3ed758fc8f266e8d87dad00beba	val	step2_similarity_aware_partitioning	step3_conditioning	Sequence is present in the standardized corpus and Step-2 partition table but absent from the conditioned and model-ready populations.
efe3a2f0ef97c587d1f947911a6bc120779a5f901456002fb4f35212fdcdfb4a	val	step2_similarity_aware_partitioning	step3_conditioning	Sequence is present in the standardized corpus and Step-2 partition table but absent from the conditioned and model-ready populations.
fe64ae55606bc37c661e9aceb874e74de0a8582c79edfdaac33b14a8ab97fb43	val	step2_similarity_aware_partitioning	step3_conditioning	Sequence is present in the standardized corpus and Step-2 partition table but absent from the conditioned and model-ready populations.
